subject,id,type,conceptual,nm,trial,rt,sex,hand,ses,language
9,cm177,conv,4.5,2,1,15088,m,right,2,bilingual
9,cm178,conv,5,3.5,2,53204,m,right,2,bilingual
9,cm179,conv,5,4.25,3,97394,m,right,2,bilingual
9,cm180,conv,4,2.5,4,18045,m,right,2,bilingual
9,cm181,conv,5,3.75,5,72698,m,right,2,bilingual
9,cm182,conv,5,2.25,6,82543,m,right,2,bilingual
9,cm183,conv,3.5,2.25,7,34893,m,right,2,bilingual
9,cm184,conv,4.5,4.5,8,57901,m,right,2,bilingual
9,cm185,conv,3.5,2,9,34523,m,right,2,bilingual
9,cm186,conv,5,3,10,67616,m,right,2,bilingual
9,cm187,conv,5,2,11,36950,m,right,2,bilingual
9,cm188,conv,3,2,12,12922,m,right,2,bilingual
9,cm189,conv,5,4.5,13,16938,m,right,2,bilingual
9,cm190,conv,5,2,14,15986,m,right,2,bilingual
9,cm191,conv,5,4,15,137792,m,right,2,bilingual
9,cm192,conv,5,3.5,16,24017,m,right,2,bilingual
9,cm193,conv,5,3,17,30222,m,right,2,bilingual
9,cm194,conv,5,2,18,8569,m,right,2,bilingual
9,cm195,conv,5,5,19,12323,m,right,2,bilingual
9,cm196,conv,3,2.5,20,60488,m,right,2,bilingual
9,cm197,conv,2.5,2.5,21,12930,m,right,2,bilingual
9,cm198,conv,4.5,3.5,22,8392,m,right,2,bilingual
9,nm17,novel,5,5,23,189239,m,right,2,bilingual
9,nm18,novel,5,5,24,173317,m,right,2,bilingual
11,cm222,conv,3.5,1.5,2,22393,f,right,3,bilingual
11,cm223,conv,3,3,3,13259,f,right,3,bilingual
11,cm224,conv,5,2,4,18223,f,right,3,bilingual
11,cm225,conv,5,3,5,44831,f,right,3,bilingual
11,cm226,conv,3.5,3.5,6,21301,f,right,3,bilingual
11,cm227,conv,5,5,7,76356,f,right,3,bilingual
11,cm228,conv,5,2.5,8,79549,f,right,3,bilingual
11,cm229,conv,5,2.5,9,164759,f,right,3,bilingual
11,cm230,conv,4.5,4.75,10,62444,f,right,3,bilingual
11,cm231,conv,5,2.5,11,13097,f,right,3,bilingual
11,cm232,conv,5,4,12,44190,f,right,3,bilingual
11,cm233,conv,1.5,1.5,13,45858,f,right,3,bilingual
11,cm234,conv,1.5,1.5,14,20599,f,right,3,bilingual
11,cm236,conv,5,5,16,37239,f,right,3,bilingual
11,cm238,conv,4.5,2.75,18,45825,f,right,3,bilingual
11,cm239,conv,3.5,4,19,94518,f,right,3,bilingual
11,cm240,conv,5,5,20,88402,f,right,3,bilingual
11,cm241,conv,5,4.5,21,62519,f,right,3,bilingual
11,cm242,conv,2,2,22,70287,f,right,3,bilingual
11,nm21,novel,5,2.5,23,78246,f,right,3,bilingual
11,nm22,novel,5,4.75,24,116116,f,right,3,bilingual
12,cm243,conv,3.5,2,1,110008,f,right,3,bilingual
12,cm244,conv,3,2,2,23156,f,right,3,bilingual
12,cm245,conv,5,2.5,3,96825,f,right,3,bilingual
12,cm246,conv,3,2,4,138263,f,right,3,bilingual
12,cm247,conv,5,2,5,33760,f,right,3,bilingual
12,cm248,conv,5,2,6,16530,f,right,3,bilingual
12,cm249,conv,5,3.5,7,96833,f,right,3,bilingual
12,cm250,conv,5,4.5,8,9160,f,right,3,bilingual
12,cm252,conv,5,4,10,26157,f,right,3,bilingual
12,cm254,conv,5,5,12,52388,f,right,3,bilingual
12,cm255,conv,2,2,13,19194,f,right,3,bilingual
12,cm256,conv,5,2.25,14,32691,f,right,3,bilingual
12,cm257,conv,5,2,15,42497,f,right,3,bilingual
12,cm258,conv,4.5,2.5,16,61665,f,right,3,bilingual
12,cm259,conv,5,2,17,61653,f,right,3,bilingual
12,cm260,conv,5,2,18,18607,f,right,3,bilingual
12,cm261,conv,2.5,2,19,19985,f,right,3,bilingual
12,cm262,conv,3,2,20,15170,f,right,3,bilingual
12,cm263,conv,3.5,2.5,21,22576,f,right,3,bilingual
12,cm264,conv,5,4.5,22,52229,f,right,3,bilingual
12,nm23,novel,5,2,23,77204,f,right,3,bilingual
12,nm24,novel,4.5,3.5,24,134920,f,right,3,bilingual
16,cm331,conv,5,3.5,1,20995,m,right,4,bilingual
16,cm332,conv,5,4.5,2,11217,m,right,4,bilingual
16,cm333,conv,4.5,4,3,10034,m,right,4,bilingual
16,cm334,conv,5,5,4,20548,m,right,4,bilingual
16,cm335,conv,5,5,5,17077,m,right,4,bilingual
16,cm336,conv,5,3.5,6,13420,m,right,4,bilingual
16,cm337,conv,5,2.25,7,15390,m,right,4,bilingual
16,cm338,conv,5,2.5,8,10456,m,right,4,bilingual
16,cm339,conv,5,5,9,17095,m,right,4,bilingual
16,cm340,conv,5,2,10,6554,m,right,4,bilingual
16,cm341,conv,5,5,11,39897,m,right,4,bilingual
16,cm342,conv,5,3,12,9911,m,right,4,bilingual
16,cm343,conv,5,5,13,12961,m,right,4,bilingual
16,cm344,conv,5,2.25,14,11025,m,right,4,bilingual
16,cm345,conv,3.5,2.5,15,5597,m,right,4,bilingual
16,cm346,conv,5,5,16,21384,m,right,4,bilingual
16,cm347,conv,5,2.25,17,9278,m,right,4,bilingual
16,cm348,conv,5,2,18,6626,m,right,4,bilingual
16,cm349,conv,5,2.75,19,9219,m,right,4,bilingual
16,cm350,conv,5,4.5,20,32886,m,right,4,bilingual
16,cm351,conv,3.5,2,21,9211,m,right,4,bilingual
16,cm352,conv,5,2,22,4685,m,right,4,bilingual
16,nm31,novel,4.5,4.25,23,24522,m,right,4,bilingual
16,nm32,novel,5,5,24,16516,m,right,4,bilingual
25,cm529,conv,5,3.5,1,56756,f,right,3,bilingual
25,cm530,conv,3,2.25,2,168032,f,right,3,bilingual
25,cm531,conv,5,3.25,3,26102,f,right,3,bilingual
25,cm532,conv,5,4.5,4,258510,f,right,3,bilingual
25,cm533,conv,5,2,5,23281,f,right,3,bilingual
25,cm534,conv,5,2,6,151212,f,right,3,bilingual
25,cm535,conv,5,2,7,87044,f,right,3,bilingual
25,cm536,conv,5,5,8,50596,f,right,3,bilingual
25,cm537,conv,4.5,3.5,9,167687,f,right,3,bilingual
25,cm538,conv,5,2,10,10189,f,right,3,bilingual
25,cm539,conv,3,3.75,11,72266,f,right,3,bilingual
25,cm540,conv,4.5,3.5,12,37685,f,right,3,bilingual
25,cm541,conv,5,2.75,13,100566,f,right,3,bilingual
25,cm543,conv,3.5,2,15,25235,f,right,3,bilingual
25,cm544,conv,5,5,16,44924,f,right,3,bilingual
25,cm546,conv,5,2.25,18,19293,f,right,3,bilingual
25,cm548,conv,5,2.5,20,45597,f,right,3,bilingual
25,cm549,conv,5,4.5,21,60126,f,right,3,bilingual
25,cm550,conv,5,3,22,23827,f,right,3,bilingual
25,nm49,novel,5,3,23,33921,f,right,3,bilingual
25,nm50,novel,2.5,2.75,24,77832,f,right,3,bilingual
28,cm595,conv,5,5,1,79756,f,right,2,bilingual
28,cm596,conv,5,5,2,70451,f,right,2,bilingual
28,cm597,conv,5,2.75,3,131826,f,right,2,bilingual
28,cm599,conv,5,2,5,29873,f,right,2,bilingual
28,cm600,conv,5,4.5,6,91980,f,right,2,bilingual
28,cm601,conv,5,2,7,35154,f,right,2,bilingual
28,cm602,conv,5,3.75,8,101611,f,right,2,bilingual
28,cm603,conv,4.5,4,9,107575,f,right,2,bilingual
28,cm604,conv,5,3.5,10,106166,f,right,2,bilingual
28,cm606,conv,5,5,12,85705,f,right,2,bilingual
28,cm607,conv,5,3.75,13,105215,f,right,2,bilingual
28,cm608,conv,5,3,14,88035,f,right,2,bilingual
28,cm609,conv,5,4,15,80059,f,right,2,bilingual
28,cm610,conv,5,3.75,16,70838,f,right,2,bilingual
28,cm612,conv,5,4.75,18,116547,f,right,2,bilingual
28,cm613,conv,5,5,19,50420,f,right,2,bilingual
28,cm614,conv,5,2,20,24413,f,right,2,bilingual
28,cm615,conv,3.5,3.5,21,27641,f,right,2,bilingual
28,cm616,conv,5,4.5,22,52485,f,right,2,bilingual
28,nm55,novel,5,4.75,23,188888,f,right,2,bilingual
28,nm56,novel,5,2.5,24,91304,f,right,2,bilingual
29,cm617,conv,5,4.5,1,61628,m,right,3,bilingual
29,cm618,conv,5,2,2,29756,m,right,3,bilingual
29,cm619,conv,5,4,3,56458,m,right,3,bilingual
29,cm620,conv,5,5,4,67834,m,right,3,bilingual
29,cm622,conv,5,4.5,6,72590,m,right,3,bilingual
29,cm623,conv,5,4.5,7,35941,m,right,3,bilingual
29,cm624,conv,5,4.5,8,34852,m,right,3,bilingual
29,cm625,conv,5,3.5,9,42216,m,right,3,bilingual
29,cm626,conv,5,2,10,62026,m,right,3,bilingual
29,cm627,conv,5,4.5,11,39307,m,right,3,bilingual
29,cm628,conv,3,5,12,58271,m,right,3,bilingual
29,cm629,conv,5,4.75,13,28405,m,right,3,bilingual
29,cm630,conv,4.5,4.5,14,62362,m,right,3,bilingual
29,cm631,conv,5,5,15,32381,m,right,3,bilingual
29,cm632,conv,5,3.5,16,57491,m,right,3,bilingual
29,cm633,conv,5,3.5,17,17827,m,right,3,bilingual
29,cm634,conv,5,4,18,44433,m,right,3,bilingual
29,cm635,conv,5,5,19,43681,m,right,3,bilingual
29,cm636,conv,5,4.5,20,17254,m,right,3,bilingual
29,cm637,conv,4.5,4,21,35215,m,right,3,bilingual
29,cm638,conv,3,4.5,22,78760,m,right,3,bilingual
29,nm57,novel,4.5,4.5,23,46878,m,right,3,bilingual
29,nm58,novel,5,4,24,47748,m,right,3,bilingual
36,cm771,conv,5,4,1,49540,f,right,2,bilingual
36,cm772,conv,5,3,2,84005,f,right,2,bilingual
36,cm773,conv,4.5,4,3,90460,f,right,2,bilingual
36,cm774,conv,5,5,4,38749,f,right,2,bilingual
36,cm775,conv,5,4.75,5,58630,f,right,2,bilingual
36,cm776,conv,5,2,6,31855,f,right,2,bilingual
36,cm777,conv,5,5,7,54071,f,right,2,bilingual
36,cm778,conv,5,4.5,8,42522,f,right,2,bilingual
36,cm779,conv,5,2,9,24264,f,right,2,bilingual
36,cm781,conv,5,5,11,42592,f,right,2,bilingual
36,cm782,conv,5,5,12,18399,f,right,2,bilingual
36,cm783,conv,3.5,2,13,36945,f,right,2,bilingual
36,cm784,conv,5,2.25,14,15473,f,right,2,bilingual
36,cm785,conv,5,2.5,15,38223,f,right,2,bilingual
36,cm786,conv,5,5,16,35880,f,right,2,bilingual
36,cm787,conv,5,5,17,54553,f,right,2,bilingual
36,cm788,conv,5,4.25,18,35911,f,right,2,bilingual
36,cm789,conv,3.5,2.75,19,20178,f,right,2,bilingual
36,cm790,conv,2.5,3.5,20,15573,f,right,2,bilingual
36,cm791,conv,4.5,3.75,21,19617,f,right,2,bilingual
36,cm792,conv,5,5,22,55389,f,right,2,bilingual
36,nm71,novel,4.5,4.25,23,56849,f,right,2,bilingual
36,nm72,novel,5,4,24,42095,f,right,2,bilingual
40,cm859,conv,5,4.75,1,99100,m,right,3,bilingual
40,cm860,conv,5,3.5,2,83222,m,right,3,bilingual
40,cm861,conv,5,2,3,22377,m,right,3,bilingual
40,cm862,conv,4.5,2,4,52108,m,right,3,bilingual
40,cm863,conv,5,2,5,23917,m,right,3,bilingual
40,cm864,conv,3.5,2.5,6,189530,m,right,3,bilingual
40,cm865,conv,5,2.25,7,38749,m,right,3,bilingual
40,cm866,conv,5,2,8,144957,m,right,3,bilingual
40,cm867,conv,5,2,9,97694,m,right,3,bilingual
40,cm868,conv,5,4.5,10,67288,m,right,3,bilingual
40,cm869,conv,2.5,2,11,44318,m,right,3,bilingual
40,cm870,conv,5,4.5,12,51943,m,right,3,bilingual
40,cm871,conv,5,2.75,13,34488,m,right,3,bilingual
40,cm872,conv,4.5,2.5,14,34871,m,right,3,bilingual
40,cm873,conv,3,3.25,15,64514,m,right,3,bilingual
40,cm874,conv,2.5,3,16,25429,m,right,3,bilingual
40,cm875,conv,5,2.25,17,15449,m,right,3,bilingual
40,cm876,conv,5,2,18,44671,m,right,3,bilingual
40,cm877,conv,2.5,2,19,44984,m,right,3,bilingual
40,cm878,conv,2.5,3,20,115715,m,right,3,bilingual
40,cm879,conv,5,3.5,21,7418,m,right,3,bilingual
40,cm880,conv,5,2,22,19463,m,right,3,bilingual
40,nm87,novel,5,4.5,23,60123,m,right,3,bilingual
40,nm88,novel,5,3.5,24,48667,m,right,3,bilingual
51,cm1102,conv,5,4.75,2,67983,f,right,3,bilingual
51,cm1103,conv,1,1,3,29639,f,right,3,bilingual
51,cm1104,conv,5,4,4,68059,f,right,3,bilingual
51,cm1105,conv,5,5,5,54710,f,right,3,bilingual
51,cm1106,conv,4.5,4,6,65546,f,right,3,bilingual
51,cm1107,conv,5,3.25,7,17292,f,right,3,bilingual
51,cm1108,conv,5,3.5,8,21535,f,right,3,bilingual
51,cm1109,conv,5,2.5,9,39909,f,right,3,bilingual
51,cm1111,conv,5,3,11,28121,f,right,3,bilingual
51,cm1112,conv,5,2.25,12,16193,f,right,3,bilingual
51,cm1113,conv,5,2,13,22739,f,right,3,bilingual
51,cm1114,conv,5,2,14,17752,f,right,3,bilingual
51,cm1115,conv,4,3,15,19478,f,right,3,bilingual
51,cm1116,conv,4.5,2,16,49112,f,right,3,bilingual
51,cm1117,conv,2.5,2.5,17,23327,f,right,3,bilingual
51,cm1118,conv,5,3.5,18,13031,f,right,3,bilingual
51,cm1119,conv,5,4.25,19,26799,f,right,3,bilingual
51,cm1120,conv,5,2.25,20,17071,f,right,3,bilingual
51,cm1121,conv,5,3.5,21,21259,f,right,3,bilingual
53,cm1300,conv,2.5,2,2,49836,f,right,3,bilingual
53,cm1301,conv,4.5,4.5,3,64979,f,right,3,bilingual
53,cm1302,conv,5,2.5,4,59279,f,right,3,bilingual
53,cm1303,conv,5,2,5,23015,f,right,3,bilingual
53,cm1304,conv,3,2,6,41221,f,right,3,bilingual
53,cm1305,conv,5,4,7,20169,f,right,3,bilingual
53,cm1306,conv,4.5,2.5,8,27434,f,right,3,bilingual
53,cm1307,conv,4.5,3.5,9,17766,f,right,3,bilingual
53,cm1308,conv,4,2,10,84988,f,right,3,bilingual
53,cm1309,conv,5,3.75,11,40169,f,right,3,bilingual
53,cm1310,conv,5,3.5,12,22794,f,right,3,bilingual
53,cm1311,conv,4.5,3.75,13,14888,f,right,3,bilingual
53,cm1312,conv,5,5,14,68718,f,right,3,bilingual
53,cm1313,conv,5,3.5,15,54097,f,right,3,bilingual
53,cm1314,conv,2.5,2.25,16,52775,f,right,3,bilingual
53,cm1315,conv,4.5,3.5,17,66172,f,right,3,bilingual
53,cm1316,conv,5,4,18,29039,f,right,3,bilingual
53,cm1317,conv,5,5,19,45715,f,right,3,bilingual
53,cm1318,conv,3,2,20,24989,f,right,3,bilingual
53,cm1319,conv,5,2.25,21,28374,f,right,3,bilingual
53,cm1320,conv,3,4,22,15393,f,right,3,bilingual
53,nm103,novel,5,4.5,23,90231,f,right,3,bilingual
53,nm104,novel,5,4.5,24,40328,f,right,3,bilingual
55,cm1145,conv,5,2.25,1,38945,f,right,4,bilingual
55,cm1146,conv,5,3.5,2,31230,f,right,4,bilingual
55,cm1148,conv,2.5,3.5,4,40869,f,right,4,bilingual
55,cm1149,conv,5,2,5,15143,f,right,4,bilingual
55,cm1150,conv,5,2,6,28469,f,right,4,bilingual
55,cm1151,conv,5,3.25,7,30878,f,right,4,bilingual
55,cm1152,conv,5,4.5,8,60837,f,right,4,bilingual
55,cm1153,conv,5,4.75,9,52914,f,right,4,bilingual
55,cm1154,conv,2.5,2.5,10,15314,f,right,4,bilingual
55,cm1156,conv,1,1,12,44499,f,right,4,bilingual
55,cm1157,conv,5,2,13,67778,f,right,4,bilingual
55,cm1158,conv,4.5,2.5,14,43241,f,right,4,bilingual
55,cm1159,conv,2.5,2.5,15,54067,f,right,4,bilingual
55,cm1160,conv,5,2,16,43257,f,right,4,bilingual
55,cm1161,conv,4.5,2,17,49939,f,right,4,bilingual
55,cm1163,conv,5,2,19,33858,f,right,4,bilingual
55,cm1164,conv,5,5,20,27021,f,right,4,bilingual
55,cm1165,conv,3,2.5,21,47347,f,right,4,bilingual
55,nm107,novel,5,4.75,23,62980,f,right,4,bilingual
55,nm108,novel,5,3.5,24,61687,f,right,4,bilingual
58,cm1211,conv,2.5,3.25,1,89620,f,left,3,bilingual
58,cm1212,conv,5,2.25,2,71784,f,left,3,bilingual
58,cm1213,conv,5,5,3,89846,f,left,3,bilingual
58,cm1214,conv,2.5,4,4,125085,f,left,3,bilingual
58,cm1215,conv,2.5,3.5,5,55758,f,left,3,bilingual
58,cm1216,conv,5,5,6,87485,f,left,3,bilingual
58,cm1217,conv,4,3.25,7,35240,f,left,3,bilingual
58,cm1218,conv,3.5,4.25,8,165626,f,left,3,bilingual
58,cm1219,conv,5,5,9,60196,f,left,3,bilingual
58,cm1220,conv,5,4.75,10,34987,f,left,3,bilingual
58,cm1221,conv,5,4,11,158033,f,left,3,bilingual
58,cm1222,conv,5,5,12,44707,f,left,3,bilingual
58,cm1223,conv,3,4.25,13,110281,f,left,3,bilingual
58,cm1224,conv,5,3.25,14,44224,f,left,3,bilingual
58,cm1225,conv,5,3.5,15,58059,f,left,3,bilingual
58,cm1226,conv,5,4.75,16,80135,f,left,3,bilingual
58,cm1227,conv,1,1,17,24212,f,left,3,bilingual
58,cm1228,conv,1,1,18,29948,f,left,3,bilingual
58,cm1229,conv,4.5,4.75,19,37141,f,left,3,bilingual
58,cm1230,conv,5,5,20,91152,f,left,3,bilingual
58,cm1231,conv,3.5,2,21,18291,f,left,3,bilingual
58,cm1232,conv,5,2,22,10007,f,left,3,bilingual
58,nm113,novel,5,3.5,23,29368,f,left,3,bilingual
58,nm114,novel,4.5,2.75,24,32334,f,left,3,bilingual
1,cm1,conv,5,3,1,87910,f,right,3,english
1,cm2,conv,5,2.5,2,149903,f,right,3,english
1,cm3,conv,5,5,3,239255,f,right,3,english
1,cm4,conv,5,2.75,4,225053,f,right,3,english
1,cm5,conv,3,2,5,84320,f,right,3,english
1,cm6,conv,5,2,6,14118,f,right,3,english
1,cm7,conv,5,2,7,80638,f,right,3,english
1,cm8,conv,5,2.25,8,62955,f,right,3,english
1,cm9,conv,4.5,2,9,61382,f,right,3,english
1,cm10,conv,5,5,10,317590,f,right,3,english
1,cm11,conv,5,3.75,11,83377,f,right,3,english
1,cm12,conv,5,2,12,13544,f,right,3,english
1,cm13,conv,3,2,13,12615,f,right,3,english
1,cm14,conv,5,3,14,15233,f,right,3,english
1,cm15,conv,3,2,15,24221,f,right,3,english
1,cm16,conv,5,4,16,91771,f,right,3,english
1,cm17,conv,5,2.25,17,38218,f,right,3,english
1,cm18,conv,5,4.75,18,13455,f,right,3,english
1,cm19,conv,2,2,19,7317,f,right,3,english
1,cm20,conv,2.5,2,20,63115,f,right,3,english
1,cm21,conv,5,2,21,20480,f,right,3,english
1,cm22,conv,5,2.5,22,17476,f,right,3,english
1,nm1,novel,5,2.5,23,42039,f,right,3,english
1,nm2,novel,5,5,24,106700,f,right,3,english
2,cm23,conv,5,4,1,192660,f,right,3,english
2,cm24,conv,5,3.5,2,21195,f,right,3,english
2,cm25,conv,5,4,3,76217,f,right,3,english
2,cm26,conv,5,3,4,28861,f,right,3,english
2,cm27,conv,5,3.25,5,71272,f,right,3,english
2,cm28,conv,5,4.75,6,89214,f,right,3,english
2,cm30,conv,5,5,8,67316,f,right,3,english
2,cm31,conv,5,4.25,9,70399,f,right,3,english
2,cm32,conv,5,4.5,10,70190,f,right,3,english
2,cm33,conv,5,5,11,32354,f,right,3,english
2,cm34,conv,5,2,12,9159,f,right,3,english
2,cm35,conv,5,5,13,57560,f,right,3,english
2,cm36,conv,3,4.5,14,95263,f,right,3,english
2,cm37,conv,5,2,15,12940,f,right,3,english
2,cm38,conv,3.5,2,16,72974,f,right,3,english
2,cm39,conv,4.5,4,17,82376,f,right,3,english
2,cm40,conv,2.5,2,18,19778,f,right,3,english
2,cm41,conv,5,4.5,19,116866,f,right,3,english
2,cm42,conv,5,2,20,10607,f,right,3,english
2,nm3,novel,3.5,3.5,23,224674,f,right,3,english
2,nm4,novel,4.5,2.25,24,102941,f,right,3,english
3,cm45,conv,5,4,1,87638,m,left,3,english
3,cm46,conv,5,5,2,57129,m,left,3,english
3,cm47,conv,5,5,3,31473,m,left,3,english
3,cm48,conv,5,5,4,38724,m,left,3,english
3,cm50,conv,5,4.75,6,55899,m,left,3,english
3,cm51,conv,5,5,7,41062,m,left,3,english
3,cm52,conv,5,2,8,87143,m,left,3,english
3,cm53,conv,5,5,9,49142,m,left,3,english
3,cm54,conv,3,2,10,28832,m,left,3,english
3,cm56,conv,5,5,12,72017,m,left,3,english
3,cm57,conv,4.5,4.25,13,54435,m,left,3,english
3,cm58,conv,5,4,14,11581,m,left,3,english
3,cm59,conv,5,5,15,28640,m,left,3,english
3,cm60,conv,4.5,3.5,16,18073,m,left,3,english
3,cm61,conv,5,5,17,23589,m,left,3,english
3,cm62,conv,5,5,18,21282,m,left,3,english
3,cm63,conv,5,4.5,19,45928,m,left,3,english
3,cm64,conv,5,2,20,52782,m,left,3,english
3,cm65,conv,5,5,21,33947,m,left,3,english
3,cm66,conv,5,5,22,44469,m,left,3,english
3,nm5,novel,5,5,23,155148,m,left,3,english
3,nm6,novel,4.5,3.25,24,77724,m,left,3,english
4,cm67,conv,5,3,1,39211,f,right,3,english
4,cm68,conv,5,2,2,48152,f,right,3,english
4,cm69,conv,1,1,3,48396,f,right,3,english
4,cm70,conv,5,2.5,4,70057,f,right,3,english
4,cm71,conv,3,2,5,24622,f,right,3,english
4,cm72,conv,5,3.75,6,37904,f,right,3,english
4,cm73,conv,5,2,7,7548,f,right,3,english
4,cm75,conv,5,2.75,9,75945,f,right,3,english
4,cm76,conv,5,2,10,41413,f,right,3,english
4,cm77,conv,5,2,11,17146,f,right,3,english
4,cm78,conv,5,5,12,66141,f,right,3,english
4,cm79,conv,5,5,13,27823,f,right,3,english
4,cm80,conv,3.5,2,14,96036,f,right,3,english
4,cm81,conv,4.5,2,15,47269,f,right,3,english
4,cm82,conv,5,4.25,16,40640,f,right,3,english
4,cm83,conv,5,5,17,12549,f,right,3,english
4,cm84,conv,5,5,18,28075,f,right,3,english
4,cm85,conv,5,2,19,13259,f,right,3,english
4,cm86,conv,5,3.5,20,66482,f,right,3,english
4,cm87,conv,3.5,3.5,21,67596,f,right,3,english
4,cm88,conv,5,2,22,92472,f,right,3,english
4,nm7,novel,5,2.25,23,150315,f,right,3,english
4,nm8,novel,5,5,24,87881,f,right,3,english
5,cm89,conv,2.5,4,1,41528,m,right,4,english
5,cm90,conv,5,5,2,77335,m,right,4,english
5,cm91,conv,5,4.5,3,60548,m,right,4,english
5,cm92,conv,5,5,4,32853,m,right,4,english
5,cm93,conv,5,4.75,5,102454,m,right,4,english
5,cm94,conv,5,5,6,33660,m,right,4,english
5,cm95,conv,5,5,7,43648,m,right,4,english
5,cm96,conv,4.5,5,8,42068,m,right,4,english
5,cm98,conv,5,5,10,86807,m,right,4,english
5,cm100,conv,5,5,12,56025,m,right,4,english
5,cm101,conv,4.5,4.75,13,36127,m,right,4,english
5,cm102,conv,5,5,14,54021,m,right,4,english
5,cm103,conv,5,5,15,56308,m,right,4,english
5,cm104,conv,5,5,16,37012,m,right,4,english
5,cm105,conv,5,5,17,42360,m,right,4,english
5,cm106,conv,5,5,18,52910,m,right,4,english
5,cm107,conv,2,4.75,19,86668,m,right,4,english
5,cm108,conv,5,5,20,154945,m,right,4,english
5,cm109,conv,5,4.5,21,42972,m,right,4,english
5,cm110,conv,4.5,4.5,22,52616,m,right,4,english
5,nm9,novel,5,3.5,23,115202,m,right,4,english
5,nm10,novel,4.5,4.5,24,16165,m,right,4,english
6,cm111,conv,5,5,1,64176,m,right,3,english
6,cm112,conv,4.5,4.5,2,47387,m,right,3,english
6,cm113,conv,5,5,3,62542,m,right,3,english
6,cm114,conv,5,5,4,220838,m,right,3,english
6,cm115,conv,5,4.5,5,53353,m,right,3,english
6,cm116,conv,5,5,6,84632,m,right,3,english
6,cm117,conv,4.5,4,7,28591,m,right,3,english
6,cm118,conv,5,3.5,8,60732,m,right,3,english
6,cm119,conv,5,5,9,167760,m,right,3,english
6,cm120,conv,5,5,10,103772,m,right,3,english
6,cm121,conv,5,3.5,11,80688,m,right,3,english
6,cm122,conv,5,5,12,111962,m,right,3,english
6,cm123,conv,5,5,13,67191,m,right,3,english
6,cm124,conv,5,4.5,14,71679,m,right,3,english
6,cm125,conv,5,5,15,62238,m,right,3,english
6,cm126,conv,4,2.5,16,16753,m,right,3,english
6,cm127,conv,5,5,17,119806,m,right,3,english
6,cm128,conv,4.5,2,18,39799,m,right,3,english
6,cm129,conv,5,5,19,47952,m,right,3,english
6,cm130,conv,4.5,4.5,20,127513,m,right,3,english
6,cm132,conv,5,5,22,102088,m,right,3,english
6,nm11,novel,5,5,23,77965,m,right,3,english
6,nm12,novel,5,5,24,77315,m,right,3,english
7,cm133,conv,5,2.5,1,46120,f,left,3,english
7,cm134,conv,5,2,2,52479,f,left,3,english
7,cm135,conv,5,4.5,3,91278,f,left,3,english
7,cm136,conv,3.5,2.25,4,50067,f,left,3,english
7,cm137,conv,5,3.5,5,50280,f,left,3,english
7,cm138,conv,4.5,2.25,6,129575,f,left,3,english
7,cm139,conv,5,4,7,113863,f,left,3,english
7,cm140,conv,5,2,8,130503,f,left,3,english
7,cm141,conv,5,3,9,93133,f,left,3,english
7,cm142,conv,4.5,2.5,10,47739,f,left,3,english
7,cm143,conv,5,5,11,91507,f,left,3,english
7,cm144,conv,4.5,4.5,12,193701,f,left,3,english
7,cm145,conv,5,5,13,58064,f,left,3,english
7,cm146,conv,5,2,14,29323,f,left,3,english
7,cm147,conv,5,5,15,117055,f,left,3,english
7,cm148,conv,2.5,2,16,31683,f,left,3,english
7,cm149,conv,5,2,17,112324,f,left,3,english
7,cm150,conv,5,5,18,37459,f,left,3,english
7,cm151,conv,5,4.5,19,24421,f,left,3,english
7,cm152,conv,5,5,20,71357,f,left,3,english
7,cm153,conv,5,2.25,21,12824,f,left,3,english
7,cm154,conv,5,4.5,22,90157,f,left,3,english
7,nm13,novel,3,2.75,23,90905,f,left,3,english
7,nm14,novel,5,2,24,81576,f,left,3,english
8,cm155,conv,5,2,1,20777,f,right,2,english
8,cm158,conv,5,3.5,4,13532,f,right,2,english
8,cm159,conv,5,4.5,5,57687,f,right,2,english
8,cm160,conv,5,3.5,6,14692,f,right,2,english
8,cm161,conv,5,4,7,22880,f,right,2,english
8,cm162,conv,2.5,2.25,8,13552,f,right,2,english
8,cm163,conv,5,4,9,10518,f,right,2,english
8,cm165,conv,4.5,4.75,11,41265,f,right,2,english
8,cm166,conv,5,4,12,13886,f,right,2,english
8,cm167,conv,5,2.75,13,28460,f,right,2,english
8,cm169,conv,5,2,15,9377,f,right,2,english
8,cm170,conv,5,2.5,16,11031,f,right,2,english
8,cm171,conv,5,3.5,17,60396,f,right,2,english
8,cm172,conv,5,4,18,25082,f,right,2,english
8,cm173,conv,5,2,19,21463,f,right,2,english
8,cm174,conv,5,2,20,7500,f,right,2,english
8,cm176,conv,5,2,22,22281,f,right,2,english
8,nm15,novel,2.5,2.25,23,45862,f,right,2,english
8,nm16,novel,5,2.25,24,29454,f,right,2,english
13,cm265,conv,5,4.5,1,59961,m,ambi,3,english
13,cm266,conv,5,4.5,2,65637,m,ambi,3,english
13,cm267,conv,5,5,3,52383,m,ambi,3,english
13,cm268,conv,2.5,2.25,4,14624,m,ambi,3,english
13,cm269,conv,5,5,5,52795,m,ambi,3,english
13,cm270,conv,5,5,6,181919,m,ambi,3,english
13,cm271,conv,5,5,7,69196,m,ambi,3,english
13,cm272,conv,5,3.5,8,49051,m,ambi,3,english
13,cm273,conv,5,5,9,74053,m,ambi,3,english
13,cm274,conv,5,3,10,55742,m,ambi,3,english
13,cm275,conv,5,3.5,11,98562,m,ambi,3,english
13,cm276,conv,5,2.25,12,29925,m,ambi,3,english
13,cm277,conv,4.5,5,13,48493,m,ambi,3,english
13,cm279,conv,5,2,15,31782,m,ambi,3,english
13,cm280,conv,5,4.5,16,63494,m,ambi,3,english
13,cm281,conv,5,4.5,17,45793,m,ambi,3,english
13,cm282,conv,5,2,18,20196,m,ambi,3,english
13,cm283,conv,3.5,2.5,19,42128,m,ambi,3,english
13,cm284,conv,5,4,20,56563,m,ambi,3,english
13,cm285,conv,5,4.75,21,17850,m,ambi,3,english
13,cm286,conv,5,3.5,22,33862,m,ambi,3,english
13,nm25,novel,5,5,23,46421,m,ambi,3,english
13,nm26,novel,3.5,3.5,24,95313,m,ambi,3,english
14,cm303,conv,5,5,17,55538,f,right,1,english
14,nm27,novel,5,3.5,23,40003,f,right,1,english
14,nm28,novel,5,2,24,21312,f,right,1,english
15,cm309,conv,5,3.25,1,113146,f,right,3,english
15,cm310,conv,5,5,2,43348,f,right,3,english
15,cm311,conv,5,3.25,3,78560,f,right,3,english
15,cm312,conv,2,2,4,58182,f,right,3,english
15,cm313,conv,5,2.75,5,31707,f,right,3,english
15,cm314,conv,5,2,6,19416,f,right,3,english
15,cm315,conv,5,4.5,7,12823,f,right,3,english
15,cm316,conv,5,2,8,51895,f,right,3,english
15,cm317,conv,5,4.75,9,47416,f,right,3,english
15,cm318,conv,5,4,10,40913,f,right,3,english
15,cm319,conv,5,2.25,11,36958,f,right,3,english
15,cm320,conv,4,2.5,12,53628,f,right,3,english
15,cm321,conv,5,2.5,13,17957,f,right,3,english
15,cm322,conv,5,5,14,55899,f,right,3,english
15,cm323,conv,4.5,4.25,15,77092,f,right,3,english
15,cm324,conv,3.5,2.5,16,17022,f,right,3,english
15,cm325,conv,5,2.25,17,70209,f,right,3,english
15,cm326,conv,3,2,18,9867,f,right,3,english
15,cm327,conv,5,2,19,16504,f,right,3,english
15,cm328,conv,5,3,20,39229,f,right,3,english
15,cm329,conv,5,5,21,29835,f,right,3,english
15,cm330,conv,5,4,22,28438,f,right,3,english
15,nm29,novel,5,5,23,55093,f,right,3,english
15,nm30,novel,5,2.25,24,66652,f,right,3,english
17,cm353,conv,5,2,1,46990,f,right,3,english
17,cm354,conv,4.5,4.5,2,30028,f,right,3,english
17,cm355,conv,3.5,2.5,3,19081,f,right,3,english
17,cm356,conv,5,2,4,52770,f,right,3,english
17,cm357,conv,5,2.25,5,30261,f,right,3,english
17,cm358,conv,5,4,6,97369,f,right,3,english
17,cm359,conv,5,2,7,43937,f,right,3,english
17,cm360,conv,5,3.5,8,136786,f,right,3,english
17,cm361,conv,5,2.25,9,30214,f,right,3,english
17,cm362,conv,3.5,2.5,10,19019,f,right,3,english
17,cm363,conv,4.5,2,11,23894,f,right,3,english
17,cm364,conv,4.5,2,12,58279,f,right,3,english
17,cm365,conv,4.5,2.5,13,18244,f,right,3,english
17,cm366,conv,3,2,14,61394,f,right,3,english
17,cm367,conv,5,2,15,24264,f,right,3,english
17,cm368,conv,5,2.25,16,64157,f,right,3,english
17,cm369,conv,4.5,2.5,17,57708,f,right,3,english
17,cm370,conv,5,2.5,18,48029,f,right,3,english
17,cm371,conv,3,2,19,23797,f,right,3,english
17,cm372,conv,5,4,20,15483,f,right,3,english
17,cm373,conv,5,2,21,66936,f,right,3,english
17,cm374,conv,5,2,22,78036,f,right,3,english
17,nm33,novel,4.5,2.25,23,49326,f,right,3,english
17,nm34,novel,4.5,4.5,24,58357,f,right,3,english
21,cm443,conv,5,2,3,56633,f,right,3,english
21,cm450,conv,4.5,3.5,10,51577,f,right,3,english
21,cm451,conv,5,2,11,46128,f,right,3,english
21,cm452,conv,5,2.25,12,43401,f,right,3,english
21,cm453,conv,1,1,13,130131,f,right,3,english
21,cm458,conv,5,2,18,20587,f,right,3,english
21,nm41,novel,5,4.5,23,32420,f,right,3,english
21,nm42,novel,4,2.25,24,48256,f,right,3,english
22,cm463,conv,5,2,1,27380,f,left,2,english
22,cm464,conv,5,5,2,103911,f,left,2,english
22,cm465,conv,5,4.25,3,52959,f,left,2,english
22,cm467,conv,5,2,5,15840,f,left,2,english
22,cm468,conv,5,3.5,6,29700,f,left,2,english
22,cm469,conv,5,2,7,25200,f,left,2,english
22,cm470,conv,3.5,3.25,8,49858,f,left,2,english
22,cm471,conv,5,2.25,9,50145,f,left,2,english
22,cm473,conv,2.5,2,11,18394,f,left,2,english
22,cm474,conv,3.5,3.5,12,25472,f,left,2,english
22,cm475,conv,5,5,13,91390,f,left,2,english
22,cm476,conv,5,2.75,14,14324,f,left,2,english
22,cm477,conv,4.5,2.5,15,24603,f,left,2,english
22,cm480,conv,5,2,18,30006,f,left,2,english
22,cm481,conv,5,5,19,64529,f,left,2,english
22,cm482,conv,5,5,20,17771,f,left,2,english
22,cm483,conv,4.5,2,21,10369,f,left,2,english
22,cm484,conv,5,2.5,22,66137,f,left,2,english
22,nm43,novel,5,5,23,80463,f,left,2,english
22,nm44,novel,5,4.75,24,51623,f,left,2,english
23,cm485,conv,5,5,1,92827,f,right,2,english
23,cm486,conv,5,3.5,2,194291,f,right,2,english
23,cm487,conv,5,4.5,3,67651,f,right,2,english
23,cm488,conv,5,4.5,4,57727,f,right,2,english
23,cm489,conv,5,5,5,32146,f,right,2,english
23,cm490,conv,5,3,6,85440,f,right,2,english
23,cm491,conv,4.5,4.5,7,47128,f,right,2,english
23,cm492,conv,5,5,8,312110,f,right,2,english
23,cm493,conv,5,5,9,79064,f,right,2,english
23,cm494,conv,5,5,10,132349,f,right,2,english
23,cm495,conv,5,2.5,11,55457,f,right,2,english
23,cm496,conv,5,4.5,12,25135,f,right,2,english
23,cm497,conv,5,4.75,13,100620,f,right,2,english
23,cm498,conv,5,2.25,14,66314,f,right,2,english
23,cm499,conv,5,5,15,23094,f,right,2,english
23,cm500,conv,4.5,5,16,60665,f,right,2,english
23,cm501,conv,5,4.25,17,63517,f,right,2,english
23,cm502,conv,5,3.75,18,42817,f,right,2,english
23,cm503,conv,5,5,19,60743,f,right,2,english
23,cm504,conv,5,3.5,20,64385,f,right,2,english
23,cm505,conv,5,5,21,31724,f,right,2,english
23,cm506,conv,5,5,22,57118,f,right,2,english
23,nm45,novel,5,4.5,23,246275,f,right,2,english
23,nm46,novel,5,4.5,24,74751,f,right,2,english
24,cm507,conv,5,5,1,93468,m,right,3,english
24,cm508,conv,5,2.5,2,52722,m,right,3,english
24,cm509,conv,5,2,3,64568,m,right,3,english
24,cm510,conv,5,3,4,51613,m,right,3,english
24,cm511,conv,5,2,5,57965,m,right,3,english
24,cm512,conv,4.5,3.75,6,25313,m,right,3,english
24,cm513,conv,5,3.5,7,87235,m,right,3,english
24,cm514,conv,4.5,5,8,93988,m,right,3,english
24,cm515,conv,3,2,9,37478,m,right,3,english
24,cm516,conv,5,2.5,10,25550,m,right,3,english
24,cm517,conv,5,3.5,11,24281,m,right,3,english
24,cm518,conv,5,5,12,49543,m,right,3,english
24,cm519,conv,4.5,4.5,13,73307,m,right,3,english
24,cm520,conv,5,5,14,28250,m,right,3,english
24,cm521,conv,5,4.75,15,63288,m,right,3,english
24,cm522,conv,5,2,16,31337,m,right,3,english
24,cm523,conv,5,2.25,17,26754,m,right,3,english
24,cm524,conv,5,3.5,18,28588,m,right,3,english
24,cm525,conv,3.5,3.75,19,22729,m,right,3,english
24,cm526,conv,2,2,20,28779,m,right,3,english
24,cm527,conv,5,3.5,21,20594,m,right,3,english
24,cm528,conv,5,4.5,22,52480,m,right,3,english
24,nm47,novel,4.5,4,23,69364,m,right,3,english
24,nm48,novel,5,2,24,128307,m,right,3,english
27,cm573,conv,5,2,1,48421,m,left,2,english
27,cm574,conv,5,4,2,27181,m,left,2,english
27,cm575,conv,4.5,2,3,25283,m,left,2,english
27,cm576,conv,5,4,4,113554,m,left,2,english
27,cm577,conv,5,2,5,20363,m,left,2,english
27,cm578,conv,5,3,6,29379,m,left,2,english
27,cm579,conv,5,2,7,40731,m,left,2,english
27,cm580,conv,5,3.25,8,27372,m,left,2,english
27,cm581,conv,2.5,3.5,9,176971,m,left,2,english
27,cm582,conv,3.5,5,10,158171,m,left,2,english
27,cm583,conv,5,2,11,13313,m,left,2,english
27,cm584,conv,3.5,2.25,12,17661,m,left,2,english
27,cm585,conv,5,2,13,15802,m,left,2,english
27,cm586,conv,4.5,2.5,14,12705,m,left,2,english
27,cm587,conv,5,2,15,19237,m,left,2,english
27,cm588,conv,4.5,4.25,16,52212,m,left,2,english
27,cm589,conv,5,4.5,17,64316,m,left,2,english
27,cm592,conv,5,2.5,20,26584,m,left,2,english
27,cm593,conv,5,2.25,21,121374,m,left,2,english
27,cm594,conv,5,2,22,15160,m,left,2,english
27,nm53,novel,5,3.5,23,53245,m,left,2,english
27,nm54,novel,5,4.25,24,52338,m,left,2,english
30,cm639,conv,5,4,1,123009,m,left,3,english
30,cm640,conv,5,5,2,69876,m,left,3,english
30,cm641,conv,5,5,3,80053,m,left,3,english
30,cm642,conv,5,5,4,207373,m,left,3,english
30,cm643,conv,5,5,5,60580,m,left,3,english
30,cm644,conv,5,5,6,42898,m,left,3,english
30,cm645,conv,5,3.5,7,25294,m,left,3,english
30,cm646,conv,4.5,3.5,8,55682,m,left,3,english
30,cm647,conv,5,2.75,9,30136,m,left,3,english
30,cm648,conv,5,2,10,23998,m,left,3,english
30,cm649,conv,5,5,11,58446,m,left,3,english
30,cm650,conv,5,3.75,12,23150,m,left,3,english
30,cm651,conv,5,5,13,83497,m,left,3,english
30,cm652,conv,3.5,2,14,44316,m,left,3,english
30,cm653,conv,5,2,15,11581,m,left,3,english
30,cm655,conv,5,3.5,17,27323,m,left,3,english
30,cm656,conv,5,2,18,13481,m,left,3,english
30,cm657,conv,5,2.25,19,21611,m,left,3,english
30,cm658,conv,3.5,2.5,20,21442,m,left,3,english
30,cm659,conv,2.5,2,21,52094,m,left,3,english
30,cm660,conv,5,3,22,21275,m,left,3,english
30,nm59,novel,2.5,4,23,57939,m,left,3,english
30,nm60,novel,5,5,24,43612,m,left,3,english
31,cm661,conv,5,5,1,157590,f,left,3,english
31,cm662,conv,5,4,2,131259,f,left,3,english
31,cm663,conv,5,3.25,3,20009,f,left,3,english
31,cm664,conv,4.5,2.25,4,63520,f,left,3,english
31,cm666,conv,5,3.25,6,50639,f,left,3,english
31,cm667,conv,2,2,7,22860,f,left,3,english
31,cm668,conv,5,5,8,34922,f,left,3,english
31,cm669,conv,5,3,9,9270,f,left,3,english
31,cm670,conv,5,2.5,10,21823,f,left,3,english
31,cm672,conv,4.5,4,12,35886,f,left,3,english
31,cm673,conv,5,5,13,25304,f,left,3,english
31,cm674,conv,5,4,14,32945,f,left,3,english
31,cm677,conv,5,2.25,17,32624,f,left,3,english
31,cm679,conv,5,4,19,28979,f,left,3,english
31,cm680,conv,5,2,20,7159,f,left,3,english
31,cm681,conv,5,4,21,45495,f,left,3,english
31,cm682,conv,5,4,22,45929,f,left,3,english
31,nm61,novel,5,5,23,63509,f,left,3,english
31,nm62,novel,5,5,24,52110,f,left,3,english
32,cm684,conv,5,2.75,2,30972,f,right,3,english
32,cm686,conv,5,4.5,4,16421,f,right,3,english
32,cm688,conv,5,2,6,10176,f,right,3,english
32,cm689,conv,3,2,7,12976,f,right,3,english
32,cm690,conv,5,2.25,8,28333,f,right,3,english
32,cm691,conv,5,2,9,19286,f,right,3,english
32,cm692,conv,5,2.75,10,16762,f,right,3,english
32,cm693,conv,4.5,2.25,11,25568,f,right,3,english
32,cm694,conv,2.5,2,12,18456,f,right,3,english
32,cm695,conv,4,2,13,14085,f,right,3,english
32,cm698,conv,4.5,2,16,11163,f,right,3,english
32,cm699,conv,1.5,1.5,17,11985,f,right,3,english
32,cm702,conv,2.5,2,20,13492,f,right,3,english
32,cm703,conv,4.5,2,21,7977,f,right,3,english
32,cm704,conv,5,2,22,12477,f,right,3,english
32,nm63,novel,4.5,3,23,54592,f,right,3,english
32,nm64,novel,4.5,2.75,24,54248,f,right,3,english
33,cm706,conv,3.5,4.5,2,146560,f,right,2,english
33,cm707,conv,5,4.25,3,152547,f,right,2,english
33,cm708,conv,1.5,1.5,4,38808,f,right,2,english
33,cm709,conv,5,4.5,5,46218,f,right,2,english
33,cm711,conv,1,1,7,109484,f,right,2,english
33,cm712,conv,5,5,8,187180,f,right,2,english
33,cm713,conv,4.5,4,9,32366,f,right,2,english
33,cm715,conv,5,2,11,14860,f,right,2,english
33,cm717,conv,5,3.5,13,95986,f,right,2,english
33,cm718,conv,4.5,4,14,23152,f,right,2,english
33,cm719,conv,5,5,15,41227,f,right,2,english
33,cm720,conv,5,2,16,27406,f,right,2,english
33,cm722,conv,5,2.5,18,15697,f,right,2,english
33,cm723,conv,1,1,19,56045,f,right,2,english
33,cm724,conv,5,2,20,39844,f,right,2,english
33,cm725,conv,5,4.5,21,30781,f,right,2,english
33,nm65,novel,3.5,3.5,23,43882,f,right,2,english
33,nm66,novel,5,4,24,98957,f,right,2,english
37,cm793,conv,4.5,3.25,1,74057,f,right,3,english
37,cm794,conv,5,2,2,26903,f,right,3,english
37,cm795,conv,5,2.25,3,39334,f,right,3,english
37,cm796,conv,5,2.5,4,13491,f,right,3,english
37,cm797,conv,5,5,5,44159,f,right,3,english
37,cm798,conv,5,3.75,6,29790,f,right,3,english
37,cm799,conv,5,5,7,81680,f,right,3,english
37,cm800,conv,4.5,4.25,8,18894,f,right,3,english
37,cm801,conv,2.5,3,9,34126,f,right,3,english
37,cm802,conv,5,2.5,10,13796,f,right,3,english
37,cm803,conv,5,3.25,11,22227,f,right,3,english
37,cm804,conv,5,3.5,12,26670,f,right,3,english
37,cm805,conv,5,3.5,13,23816,f,right,3,english
37,cm806,conv,5,3.5,14,28064,f,right,3,english
37,cm807,conv,5,2,15,53478,f,right,3,english
37,cm808,conv,3,2,16,16779,f,right,3,english
37,cm809,conv,5,5,17,40439,f,right,3,english
37,cm810,conv,4.5,4,18,71599,f,right,3,english
37,cm811,conv,5,2,19,18228,f,right,3,english
37,cm812,conv,5,5,20,35863,f,right,3,english
37,cm813,conv,5,5,21,41781,f,right,3,english
37,cm814,conv,5,4.5,22,31911,f,right,3,english
37,nm73,novel,5,5,23,99734,f,right,3,english
37,nm74,novel,5,5,24,73930,f,right,3,english
38,cm815,conv,5,5,1,40295,m,right,4,english
38,cm816,conv,5,2,2,14266,m,right,4,english
38,cm817,conv,5,3,3,38389,m,right,4,english
38,cm818,conv,5,4,4,29736,m,right,4,english
38,cm819,conv,4.5,2.25,5,26898,m,right,4,english
38,cm820,conv,5,3.5,6,13414,m,right,4,english
38,cm821,conv,4.5,2.5,7,15137,m,right,4,english
38,cm822,conv,5,4,8,11709,m,right,4,english
38,cm823,conv,5,2,9,22995,m,right,4,english
38,cm824,conv,2,3.75,10,234819,m,right,4,english
38,cm825,conv,5,2.25,11,21515,m,right,4,english
38,cm826,conv,5,4.75,12,35711,m,right,4,english
38,cm827,conv,5,4.5,13,20159,m,right,4,english
38,cm828,conv,5,2,14,15206,m,right,4,english
38,cm829,conv,5,2.25,15,24067,m,right,4,english
38,cm830,conv,1,1,16,19118,m,right,4,english
38,cm831,conv,4.5,3.75,17,20843,m,right,4,english
38,cm832,conv,5,2,18,7285,m,right,4,english
38,cm833,conv,2.5,2,19,8748,m,right,4,english
38,cm834,conv,5,2,20,66433,m,right,4,english
38,cm835,conv,5,5,21,88823,m,right,4,english
38,cm836,conv,5,5,22,25092,m,right,4,english
38,nm76,novel,4.5,3,24,39895,m,right,4,english
43,cm925,conv,5,3,1,21874,f,right,3,english
43,cm926,conv,5,2.75,2,55999,f,right,3,english
43,cm927,conv,5,5,3,44883,f,right,3,english
43,cm929,conv,5,4,5,32398,f,right,3,english
43,cm931,conv,3,2,7,23477,f,right,3,english
43,cm932,conv,5,4.5,8,81342,f,right,3,english
43,cm933,conv,5,2,9,61940,f,right,3,english
43,cm934,conv,3.5,2.5,10,17381,f,right,3,english
43,cm935,conv,5,2,11,24788,f,right,3,english
43,cm936,conv,5,4.75,12,70182,f,right,3,english
43,cm937,conv,5,2,13,11152,f,right,3,english
43,cm938,conv,3,2,14,13935,f,right,3,english
43,cm939,conv,5,2.25,15,12855,f,right,3,english
43,cm940,conv,5,2,16,17901,f,right,3,english
43,cm941,conv,5,2,17,15242,f,right,3,english
43,cm942,conv,5,2,18,10371,f,right,3,english
43,cm944,conv,5,3,20,22882,f,right,3,english
43,cm945,conv,3,2,21,10694,f,right,3,english
43,cm946,conv,3,3.25,22,37356,f,right,3,english
43,nm81,novel,3.5,2.75,23,49882,f,right,3,english
43,nm82,novel,5,4.75,24,98489,f,right,3,english
44,cm947,conv,5,3.5,1,45619,f,right,2,english
44,cm948,conv,5,4,2,48106,f,right,2,english
44,cm949,conv,3.5,3.5,3,69616,f,right,2,english
44,cm950,conv,5,2,4,50555,f,right,2,english
44,cm951,conv,5,5,5,56044,f,right,2,english
44,cm952,conv,5,2.5,6,31255,f,right,2,english
44,cm953,conv,3,2,7,26422,f,right,2,english
44,cm954,conv,5,2,8,33993,f,right,2,english
44,cm955,conv,5,4.75,9,40524,f,right,2,english
44,cm956,conv,5,4.75,10,39934,f,right,2,english
44,cm957,conv,5,2.5,11,44205,f,right,2,english
44,cm958,conv,5,4.75,12,18415,f,right,2,english
44,cm959,conv,4.5,2,13,43454,f,right,2,english
44,cm960,conv,5,4,14,35370,f,right,2,english
44,cm961,conv,5,3.5,15,23760,f,right,2,english
44,cm962,conv,2.5,2,16,25850,f,right,2,english
44,cm963,conv,5,4.5,17,36890,f,right,2,english
44,cm964,conv,3,2.5,18,24906,f,right,2,english
44,cm965,conv,5,2,19,9971,f,right,2,english
44,cm966,conv,5,4,20,28950,f,right,2,english
44,cm967,conv,5,2.75,21,28850,f,right,2,english
44,cm968,conv,5,3.5,22,39302,f,right,2,english
44,nm83,novel,5,4.25,23,54221,f,right,2,english
44,nm84,novel,5,5,24,170031,f,right,2,english
45,cm969,conv,5,2.75,1,56259,f,right,2,english
45,cm970,conv,5,3.5,2,68901,f,right,2,english
45,cm971,conv,3,2,3,11121,f,right,2,english
45,cm972,conv,5,2,4,22979,f,right,2,english
45,cm974,conv,5,2,6,11239,f,right,2,english
45,cm975,conv,5,4.5,7,65641,f,right,2,english
45,cm976,conv,5,2.75,8,11682,f,right,2,english
45,cm977,conv,5,2,9,6082,f,right,2,english
45,cm978,conv,5,2,10,31734,f,right,2,english
45,cm979,conv,5,2,11,11196,f,right,2,english
45,cm980,conv,5,2,12,14234,f,right,2,english
45,cm981,conv,5,2,13,5479,f,right,2,english
45,cm982,conv,4.5,3.25,14,26024,f,right,2,english
45,cm985,conv,5,2.75,17,5481,f,right,2,english
45,cm986,conv,2.5,2,18,94476,f,right,2,english
45,cm987,conv,5,2.25,19,18093,f,right,2,english
45,cm988,conv,4.5,2,20,7284,f,right,2,english
45,cm989,conv,4.5,2,21,6412,f,right,2,english
45,cm990,conv,5,2.75,22,30056,f,right,2,english
45,nm89,novel,5,4,23,32553,f,right,2,english
45,nm90,novel,5,2,24,13270,f,right,2,english
60,cm1255,conv,5,2,1,43277,f,right,2,english
60,cm1256,conv,5,4.25,2,91118,f,right,2,english
60,cm1257,conv,5,5,3,100214,f,right,2,english
60,cm1258,conv,5,4.5,4,65867,f,right,2,english
60,cm1259,conv,5,3.5,5,53348,f,right,2,english
60,cm1260,conv,4.5,2,6,22967,f,right,2,english
60,cm1261,conv,5,4.75,7,47987,f,right,2,english
60,cm1262,conv,5,4.5,8,59644,f,right,2,english
60,cm1263,conv,5,2,9,17017,f,right,2,english
60,cm1264,conv,5,2,10,16961,f,right,2,english
60,cm1265,conv,5,4.5,11,33396,f,right,2,english
60,cm1266,conv,5,3,12,34574,f,right,2,english
60,cm1267,conv,5,5,13,49451,f,right,2,english
60,cm1268,conv,3,2,14,8951,f,right,2,english
60,cm1269,conv,4.5,3.25,15,39907,f,right,2,english
60,cm1270,conv,4.5,3,16,35456,f,right,2,english
60,cm1271,conv,5,2.25,17,8706,f,right,2,english
60,cm1272,conv,5,4.25,18,132400,f,right,2,english
60,cm1273,conv,5,3.25,19,52304,f,right,2,english
60,cm1274,conv,5,2.25,20,31891,f,right,2,english
60,cm1275,conv,5,3,21,32722,f,right,2,english
60,cm1276,conv,4.5,3.5,22,83401,f,right,2,english
60,nm117,novel,5,4.5,23,44730,f,right,2,english
60,nm118,novel,5,5,24,45402,f,right,2,english
10,cm199,conv,3.5,2.5,1,150328,m,ambi,3,nonEnglish
10,cm200,conv,2,2,2,11671,m,ambi,3,nonEnglish
10,cm201,conv,3,2.5,3,50926,m,ambi,3,nonEnglish
10,cm202,conv,2.5,4,4,33894,m,ambi,3,nonEnglish
10,cm203,conv,5,3.5,5,25512,m,ambi,3,nonEnglish
10,cm204,conv,4.5,2.5,6,14285,m,ambi,3,nonEnglish
10,cm205,conv,3.5,2.5,7,13423,m,ambi,3,nonEnglish
10,cm206,conv,5,4.75,8,54721,m,ambi,3,nonEnglish
10,cm207,conv,5,2,9,26265,m,ambi,3,nonEnglish
10,cm208,conv,5,5,10,96879,m,ambi,3,nonEnglish
10,cm209,conv,1,1,11,11803,m,ambi,3,nonEnglish
10,cm210,conv,5,5,12,42309,m,ambi,3,nonEnglish
10,cm211,conv,5,3,13,26306,m,ambi,3,nonEnglish
10,cm212,conv,5,2,14,7521,m,ambi,3,nonEnglish
10,cm214,conv,5,2,16,6960,m,ambi,3,nonEnglish
10,cm215,conv,5,2,17,79082,m,ambi,3,nonEnglish
10,cm216,conv,5,2,18,10230,m,ambi,3,nonEnglish
10,cm217,conv,5,3.5,19,32772,m,ambi,3,nonEnglish
10,cm218,conv,2.5,2.5,20,12311,m,ambi,3,nonEnglish
10,cm219,conv,2.5,2,21,50040,m,ambi,3,nonEnglish
10,nm19,novel,5,4.5,23,84176,m,ambi,3,nonEnglish
10,nm20,novel,1.5,2,24,23449,m,ambi,3,nonEnglish
18,cm375,conv,5,2,1,90880,f,right,3,nonEnglish
18,cm376,conv,5,2,2,72086,f,right,3,nonEnglish
18,cm377,conv,5,3.5,3,270828,f,right,3,nonEnglish
18,cm378,conv,5,2,4,28478,f,right,3,nonEnglish
18,cm379,conv,5,3.5,5,145924,f,right,3,nonEnglish
18,cm380,conv,5,5,6,76891,f,right,3,nonEnglish
18,cm381,conv,2.5,2.75,7,72021,f,right,3,nonEnglish
18,cm382,conv,5,2,8,86795,f,right,3,nonEnglish
18,cm383,conv,5,2,9,143693,f,right,3,nonEnglish
18,cm384,conv,5,3.75,10,148510,f,right,3,nonEnglish
18,cm385,conv,5,3.75,11,95877,f,right,3,nonEnglish
18,cm386,conv,5,5,12,129858,f,right,3,nonEnglish
18,cm387,conv,5,3.75,13,117913,f,right,3,nonEnglish
18,cm388,conv,5,2,14,52477,f,right,3,nonEnglish
18,cm389,conv,5,2,15,70672,f,right,3,nonEnglish
18,cm390,conv,5,4.5,16,92890,f,right,3,nonEnglish
18,cm391,conv,5,5,17,182686,f,right,3,nonEnglish
18,cm392,conv,5,4.5,18,49349,f,right,3,nonEnglish
18,cm393,conv,2.5,3.25,19,39358,f,right,3,nonEnglish
18,cm394,conv,5,2.25,20,18534,f,right,3,nonEnglish
18,cm395,conv,5,4,21,62539,f,right,3,nonEnglish
18,cm396,conv,5,5,22,45497,f,right,3,nonEnglish
18,nm35,novel,3,2.75,23,88823,f,right,3,nonEnglish
18,nm36,novel,2.5,2.5,24,46646,f,right,3,nonEnglish
19,cm397,conv,5,2.5,1,59900,f,right,2,nonEnglish
19,cm398,conv,5,4.75,2,202193,f,right,2,nonEnglish
19,cm399,conv,5,5,3,58892,f,right,2,nonEnglish
19,cm400,conv,5,2.5,4,57045,f,right,2,nonEnglish
19,cm401,conv,5,3.25,5,101174,f,right,2,nonEnglish
19,cm402,conv,5,3,6,226675,f,right,2,nonEnglish
19,cm404,conv,5,3.5,8,40944,f,right,2,nonEnglish
19,cm405,conv,5,5,9,105995,f,right,2,nonEnglish
19,cm406,conv,5,3.5,10,74662,f,right,2,nonEnglish
19,cm407,conv,4.5,4.5,11,186853,f,right,2,nonEnglish
19,cm408,conv,2.5,3,12,99489,f,right,2,nonEnglish
19,cm409,conv,5,5,13,81778,f,right,2,nonEnglish
19,cm410,conv,2,2,14,77253,f,right,2,nonEnglish
19,cm411,conv,5,4.5,15,51939,f,right,2,nonEnglish
19,cm412,conv,5,4.5,16,122221,f,right,2,nonEnglish
19,cm413,conv,5,4.5,17,106700,f,right,2,nonEnglish
19,cm414,conv,5,4.75,18,95741,f,right,2,nonEnglish
19,cm416,conv,5,5,20,26892,f,right,2,nonEnglish
19,cm417,conv,3.5,3.5,21,61317,f,right,2,nonEnglish
19,cm418,conv,5,5,22,32171,f,right,2,nonEnglish
19,nm37,novel,3.5,3,23,70636,f,right,2,nonEnglish
19,nm38,novel,5,5,24,73851,f,right,2,nonEnglish
20,cm419,conv,5,2,1,147328,f,right,3,nonEnglish
20,cm420,conv,5,5,2,70859,f,right,3,nonEnglish
20,cm421,conv,5,2,3,110996,f,right,3,nonEnglish
20,cm422,conv,5,5,4,42690,f,right,3,nonEnglish
20,cm423,conv,5,2,5,49776,f,right,3,nonEnglish
20,cm424,conv,5,2,6,105073,f,right,3,nonEnglish
20,cm425,conv,5,2.25,7,64204,f,right,3,nonEnglish
20,cm426,conv,4.5,2.25,8,35517,f,right,3,nonEnglish
20,cm427,conv,5,2.25,9,35390,f,right,3,nonEnglish
20,cm428,conv,5,3.5,10,58626,f,right,3,nonEnglish
20,cm429,conv,5,5,11,47395,f,right,3,nonEnglish
20,cm430,conv,5,5,12,152438,f,right,3,nonEnglish
20,cm431,conv,5,3.5,13,42844,f,right,3,nonEnglish
20,cm432,conv,5,4,14,48681,f,right,3,nonEnglish
20,cm434,conv,3,4.5,16,58568,f,right,3,nonEnglish
20,cm435,conv,5,3,17,32093,f,right,3,nonEnglish
20,cm436,conv,5,2.5,18,29312,f,right,3,nonEnglish
20,cm437,conv,1,1,19,35563,f,right,3,nonEnglish
20,cm438,conv,4.5,3.75,20,20923,f,right,3,nonEnglish
20,cm439,conv,2,2,21,23323,f,right,3,nonEnglish
20,cm440,conv,3,2,22,33455,f,right,3,nonEnglish
20,nm39,novel,5,5,23,80804,f,right,3,nonEnglish
20,nm40,novel,5,2.5,24,153807,f,right,3,nonEnglish
26,cm551,conv,5,4.5,1,107634,f,right,3,nonEnglish
26,cm552,conv,3,2,2,20235,f,right,3,nonEnglish
26,cm553,conv,5,2,3,32604,f,right,3,nonEnglish
26,cm554,conv,5,2.25,4,49613,f,right,3,nonEnglish
26,cm555,conv,5,5,5,35058,f,right,3,nonEnglish
26,cm556,conv,5,2,6,24037,f,right,3,nonEnglish
26,cm557,conv,5,2.25,7,35655,f,right,3,nonEnglish
26,cm558,conv,5,3.5,8,43186,f,right,3,nonEnglish
26,cm560,conv,3,2.25,10,41255,f,right,3,nonEnglish
26,cm561,conv,4.5,3.5,11,102394,f,right,3,nonEnglish
26,cm562,conv,5,3.25,12,45962,f,right,3,nonEnglish
26,cm563,conv,5,2.5,13,66715,f,right,3,nonEnglish
26,cm564,conv,2,2,14,43667,f,right,3,nonEnglish
26,cm565,conv,4.5,3.25,15,37657,f,right,3,nonEnglish
26,cm566,conv,5,4,16,22637,f,right,3,nonEnglish
26,cm567,conv,4.5,3,17,27071,f,right,3,nonEnglish
26,cm568,conv,4,3,18,100912,f,right,3,nonEnglish
26,cm569,conv,5,4.5,19,54882,f,right,3,nonEnglish
26,cm570,conv,5,2,20,19972,f,right,3,nonEnglish
26,cm571,conv,3.5,2,21,19852,f,right,3,nonEnglish
26,cm572,conv,5,2,22,35020,f,right,3,nonEnglish
26,nm51,novel,5,2.25,23,62763,f,right,3,nonEnglish
26,nm52,novel,4.5,2.75,24,48390,f,right,3,nonEnglish
34,cm727,conv,5,4.5,1,279440,f,right,3,nonEnglish
34,cm728,conv,5,5,2,42732,f,right,3,nonEnglish
34,cm729,conv,3.5,2.25,3,61107,f,right,3,nonEnglish
34,cm730,conv,5,2,4,15068,f,right,3,nonEnglish
34,cm731,conv,5,5,5,82470,f,right,3,nonEnglish
34,cm732,conv,5,2,6,32234,f,right,3,nonEnglish
34,cm733,conv,5,4.25,7,23185,f,right,3,nonEnglish
34,cm734,conv,3,2,8,29114,f,right,3,nonEnglish
34,cm735,conv,5,2.5,9,78236,f,right,3,nonEnglish
34,cm736,conv,5,4,10,85475,f,right,3,nonEnglish
34,cm737,conv,4,2.5,11,41324,f,right,3,nonEnglish
34,cm738,conv,5,5,12,70340,f,right,3,nonEnglish
34,cm739,conv,4.5,5,13,39732,f,right,3,nonEnglish
34,cm740,conv,4.5,2,14,10756,f,right,3,nonEnglish
34,cm741,conv,5,3,15,42976,f,right,3,nonEnglish
34,cm742,conv,5,3.5,16,63299,f,right,3,nonEnglish
34,cm743,conv,5,2.25,17,48037,f,right,3,nonEnglish
34,cm744,conv,3.5,4.25,18,106856,f,right,3,nonEnglish
34,cm745,conv,5,5,19,51760,f,right,3,nonEnglish
34,cm746,conv,5,5,20,71303,f,right,3,nonEnglish
34,cm747,conv,5,2,21,37271,f,right,3,nonEnglish
34,cm748,conv,4.5,4.25,22,81934,f,right,3,nonEnglish
34,nm67,novel,5,2.25,23,114942,f,right,3,nonEnglish
34,nm68,novel,5,3.25,24,48692,f,right,3,nonEnglish
35,cm749,conv,5,2,1,128140,f,right,3,nonEnglish
35,cm750,conv,5,4.25,2,43781,f,right,3,nonEnglish
35,cm751,conv,5,3.5,3,24151,f,right,3,nonEnglish
35,cm752,conv,5,2.25,4,72672,f,right,3,nonEnglish
35,cm753,conv,5,5,5,74266,f,right,3,nonEnglish
35,cm754,conv,2.5,2.25,6,50874,f,right,3,nonEnglish
35,cm755,conv,5,4.5,7,49019,f,right,3,nonEnglish
35,cm756,conv,4.5,4.5,8,64654,f,right,3,nonEnglish
35,cm757,conv,2.5,3,9,47831,f,right,3,nonEnglish
35,cm758,conv,5,5,10,111608,f,right,3,nonEnglish
35,cm759,conv,5,2.5,11,11761,f,right,3,nonEnglish
35,cm760,conv,5,2,12,22785,f,right,3,nonEnglish
35,cm761,conv,5,5,13,60900,f,right,3,nonEnglish
35,cm762,conv,5,3,14,40411,f,right,3,nonEnglish
35,cm763,conv,4.5,4,15,36902,f,right,3,nonEnglish
35,cm764,conv,5,3.5,16,31839,f,right,3,nonEnglish
35,cm765,conv,3.5,3,17,11678,f,right,3,nonEnglish
35,cm766,conv,5,4,18,26742,f,right,3,nonEnglish
35,cm768,conv,3.5,2,20,8162,f,right,3,nonEnglish
35,cm769,conv,5,4.5,21,17749,f,right,3,nonEnglish
35,cm770,conv,5,2.25,22,30013,f,right,3,nonEnglish
35,nm69,novel,5,3.25,23,81894,f,right,3,nonEnglish
35,nm70,novel,5,3.5,24,32951,f,right,3,nonEnglish
39,cm837,conv,5,4.5,1,140928,f,right,3,nonEnglish
39,cm838,conv,5,4.25,2,75113,f,right,3,nonEnglish
39,cm839,conv,5,2.5,3,44139,f,right,3,nonEnglish
39,cm840,conv,5,5,4,82708,f,right,3,nonEnglish
39,cm841,conv,5,3,5,53692,f,right,3,nonEnglish
39,cm842,conv,4,3,6,25211,f,right,3,nonEnglish
39,cm843,conv,5,2,7,27706,f,right,3,nonEnglish
39,cm845,conv,5,3.25,9,14252,f,right,3,nonEnglish
39,cm846,conv,5,2.25,10,19935,f,right,3,nonEnglish
39,cm847,conv,4.5,2,11,17725,f,right,3,nonEnglish
39,cm849,conv,5,2.25,13,71647,f,right,3,nonEnglish
39,cm850,conv,5,2,14,8703,f,right,3,nonEnglish
39,cm851,conv,5,3.5,15,13466,f,right,3,nonEnglish
39,cm852,conv,1.5,1.5,16,17833,f,right,3,nonEnglish
39,cm854,conv,5,2.25,18,31134,f,right,3,nonEnglish
39,cm855,conv,3,2,19,62208,f,right,3,nonEnglish
39,cm856,conv,5,2.25,20,43470,f,right,3,nonEnglish
39,cm857,conv,5,2.25,21,30187,f,right,3,nonEnglish
39,cm858,conv,5,2.75,22,6235,f,right,3,nonEnglish
39,nm85,novel,5,3.25,23,99002,f,right,3,nonEnglish
39,nm86,novel,5,3,24,61931,f,right,3,nonEnglish
41,cm881,conv,5,5,1,491538,f,right,3,nonEnglish
41,cm882,conv,3,2,2,22863,f,right,3,nonEnglish
41,cm883,conv,5,5,3,455323,f,right,3,nonEnglish
41,cm884,conv,4.5,5,4,44994,f,right,3,nonEnglish
41,cm885,conv,5,5,5,58831,f,right,3,nonEnglish
41,cm886,conv,5,5,6,570984,f,right,3,nonEnglish
41,cm887,conv,5,5,7,83321,f,right,3,nonEnglish
41,cm888,conv,4.5,3,8,14090,f,right,3,nonEnglish
41,cm889,conv,4.5,4,9,61790,f,right,3,nonEnglish
41,cm890,conv,4.5,4.5,10,79190,f,right,3,nonEnglish
41,cm891,conv,5,4.5,11,173785,f,right,3,nonEnglish
41,cm892,conv,5,2,12,96589,f,right,3,nonEnglish
41,cm893,conv,5,5,13,241488,f,right,3,nonEnglish
41,cm894,conv,5,5,14,44244,f,right,3,nonEnglish
41,cm895,conv,5,4,15,63393,f,right,3,nonEnglish
41,cm896,conv,5,4.5,16,53254,f,right,3,nonEnglish
41,cm897,conv,4.5,5,17,79342,f,right,3,nonEnglish
41,cm898,conv,5,4.5,18,381499,f,right,3,nonEnglish
41,cm899,conv,4.5,4,19,24147,f,right,3,nonEnglish
41,cm900,conv,5,4.5,20,52658,f,right,3,nonEnglish
41,cm901,conv,5,5,21,40800,f,right,3,nonEnglish
41,cm902,conv,5,2,22,89694,f,right,3,nonEnglish
41,nm77,novel,2.5,2.5,23,166849,f,right,3,nonEnglish
42,cm903,conv,5,2.25,1,179487,f,right,2,nonEnglish
42,cm904,conv,4.5,2.25,2,142777,f,right,2,nonEnglish
42,cm905,conv,1,1,3,115534,f,right,2,nonEnglish
42,cm906,conv,5,2.25,4,176072,f,right,2,nonEnglish
42,cm907,conv,5,5,5,260248,f,right,2,nonEnglish
42,cm908,conv,5,4.5,6,48395,f,right,2,nonEnglish
42,cm909,conv,5,2.25,7,26366,f,right,2,nonEnglish
42,cm910,conv,4.5,2.5,8,112285,f,right,2,nonEnglish
42,cm911,conv,5,3.75,9,54137,f,right,2,nonEnglish
42,cm912,conv,5,4,10,33350,f,right,2,nonEnglish
42,cm913,conv,5,5,11,92236,f,right,2,nonEnglish
42,cm914,conv,5,5,12,163512,f,right,2,nonEnglish
42,cm915,conv,5,2.75,13,45182,f,right,2,nonEnglish
42,cm916,conv,5,4.5,14,78220,f,right,2,nonEnglish
42,cm917,conv,2.5,2,15,31206,f,right,2,nonEnglish
42,cm919,conv,5,5,17,44945,f,right,2,nonEnglish
42,cm920,conv,5,4,18,40680,f,right,2,nonEnglish
42,cm921,conv,5,4.5,19,194608,f,right,2,nonEnglish
42,cm922,conv,5,5,20,62837,f,right,2,nonEnglish
42,cm924,conv,5,2,22,37771,f,right,2,nonEnglish
42,nm79,novel,5,3.25,23,55814,f,right,2,nonEnglish
42,nm80,novel,4.5,3.5,24,112374,f,right,2,nonEnglish
46,cm991,conv,2,2,1,127181,f,right,3,nonEnglish
46,cm992,conv,3,2.5,2,69360,f,right,3,nonEnglish
46,cm993,conv,4.5,2,3,36217,f,right,3,nonEnglish
46,cm994,conv,3.5,3.5,4,114066,f,right,3,nonEnglish
46,cm995,conv,4.5,2.5,5,54202,f,right,3,nonEnglish
46,cm996,conv,5,3.25,6,40026,f,right,3,nonEnglish
46,cm997,conv,4.5,3.75,7,102345,f,right,3,nonEnglish
46,cm998,conv,5,4.5,8,41883,f,right,3,nonEnglish
46,cm999,conv,3.5,2.75,9,45548,f,right,3,nonEnglish
46,cm1000,conv,5,2.5,10,25231,f,right,3,nonEnglish
46,cm1001,conv,2.5,2,11,57834,f,right,3,nonEnglish
46,cm1002,conv,5,5,12,44981,f,right,3,nonEnglish
46,cm1003,conv,5,2,13,59263,f,right,3,nonEnglish
46,cm1005,conv,5,3,15,49766,f,right,3,nonEnglish
46,cm1006,conv,4,2.5,16,54378,f,right,3,nonEnglish
46,cm1007,conv,5,2,17,22368,f,right,3,nonEnglish
46,cm1008,conv,5,3,18,26602,f,right,3,nonEnglish
46,cm1009,conv,5,3,19,32393,f,right,3,nonEnglish
46,cm1010,conv,4.5,2,20,16492,f,right,3,nonEnglish
46,cm1011,conv,4.5,2,21,62769,f,right,3,nonEnglish
46,cm1012,conv,5,3.5,22,33076,f,right,3,nonEnglish
46,nm91,novel,5,4,23,36452,f,right,3,nonEnglish
46,nm92,novel,4.5,2.75,24,55511,f,right,3,nonEnglish
47,cm1013,conv,5,2,1,106652,f,right,4,nonEnglish
47,cm1014,conv,3.5,2.5,2,25484,f,right,4,nonEnglish
47,cm1015,conv,5,4.5,3,103885,f,right,4,nonEnglish
47,cm1016,conv,3,3,4,302673,f,right,4,nonEnglish
47,cm1017,conv,4.5,4,5,77114,f,right,4,nonEnglish
47,cm1020,conv,5,2,8,56413,f,right,4,nonEnglish
47,cm1021,conv,5,3.75,9,34401,f,right,4,nonEnglish
47,cm1022,conv,5,3.25,10,110870,f,right,4,nonEnglish
47,cm1023,conv,5,5,11,56210,f,right,4,nonEnglish
47,cm1024,conv,2.5,4.75,12,109290,f,right,4,nonEnglish
47,cm1025,conv,5,5,13,148778,f,right,4,nonEnglish
47,cm1026,conv,5,5,14,49458,f,right,4,nonEnglish
47,cm1027,conv,5,2,15,50748,f,right,4,nonEnglish
47,cm1028,conv,4.5,4.25,16,150455,f,right,4,nonEnglish
47,cm1029,conv,5,2.25,17,171033,f,right,4,nonEnglish
47,cm1030,conv,5,3.25,18,45574,f,right,4,nonEnglish
47,cm1031,conv,2.5,2,19,63811,f,right,4,nonEnglish
47,cm1032,conv,4.5,2,20,141651,f,right,4,nonEnglish
47,cm1033,conv,5,2.5,21,88040,f,right,4,nonEnglish
47,cm1034,conv,5,4,22,140329,f,right,4,nonEnglish
47,nm93,novel,4.5,4,23,197166,f,right,4,nonEnglish
47,nm94,novel,5,4.25,24,113057,f,right,4,nonEnglish
48,cm1035,conv,4.5,2.5,1,64045,f,right,3,nonEnglish
48,cm1036,conv,4.5,2.25,2,22832,f,right,3,nonEnglish
48,cm1037,conv,3,2.25,3,24424,f,right,3,nonEnglish
48,cm1038,conv,4,2.75,4,18243,f,right,3,nonEnglish
48,cm1039,conv,5,4,5,41301,f,right,3,nonEnglish
48,cm1040,conv,3.5,2,6,35133,f,right,3,nonEnglish
48,cm1041,conv,5,2,7,27316,f,right,3,nonEnglish
48,cm1042,conv,5,2.25,8,39111,f,right,3,nonEnglish
48,cm1043,conv,3.5,2.75,9,30577,f,right,3,nonEnglish
48,cm1044,conv,5,2.5,10,37904,f,right,3,nonEnglish
48,cm1045,conv,4,3,11,37143,f,right,3,nonEnglish
48,cm1046,conv,5,3.75,12,90966,f,right,3,nonEnglish
48,cm1047,conv,5,4,13,16485,f,right,3,nonEnglish
48,cm1048,conv,5,2.75,14,20398,f,right,3,nonEnglish
48,cm1049,conv,4.5,2.5,15,43933,f,right,3,nonEnglish
48,cm1050,conv,5,2.5,16,18906,f,right,3,nonEnglish
48,cm1051,conv,5,2,17,35363,f,right,3,nonEnglish
48,cm1052,conv,5,4.75,18,22620,f,right,3,nonEnglish
48,cm1053,conv,5,4.75,19,34104,f,right,3,nonEnglish
48,cm1054,conv,5,2,20,37395,f,right,3,nonEnglish
48,cm1055,conv,4.5,3,21,28664,f,right,3,nonEnglish
48,cm1056,conv,5,2.25,22,13777,f,right,3,nonEnglish
48,nm95,novel,5,2.25,23,40765,f,right,3,nonEnglish
48,nm96,novel,4,4.5,24,98222,f,right,3,nonEnglish
49,cm1057,conv,5,4.5,1,152363,f,right,3,nonEnglish
49,cm1058,conv,5,4.5,2,63575,f,right,3,nonEnglish
49,cm1059,conv,5,2,3,98535,f,right,3,nonEnglish
49,cm1060,conv,5,5,4,109825,f,right,3,nonEnglish
49,cm1061,conv,3,3,5,41419,f,right,3,nonEnglish
49,cm1062,conv,5,4,6,137505,f,right,3,nonEnglish
49,cm1063,conv,5,2.5,7,177419,f,right,3,nonEnglish
49,cm1064,conv,4,2.25,8,78872,f,right,3,nonEnglish
49,cm1065,conv,5,2,9,83361,f,right,3,nonEnglish
49,cm1066,conv,5,3,10,47936,f,right,3,nonEnglish
49,cm1067,conv,5,2.25,11,72473,f,right,3,nonEnglish
49,cm1068,conv,5,2,12,13095,f,right,3,nonEnglish
49,cm1069,conv,5,2.25,13,31332,f,right,3,nonEnglish
49,cm1070,conv,5,2,14,66142,f,right,3,nonEnglish
49,cm1071,conv,5,4.75,15,116042,f,right,3,nonEnglish
49,cm1072,conv,5,3.5,16,24755,f,right,3,nonEnglish
49,cm1073,conv,3.5,2.75,17,76982,f,right,3,nonEnglish
49,cm1074,conv,5,5,18,37660,f,right,3,nonEnglish
49,cm1075,conv,5,2.75,19,46581,f,right,3,nonEnglish
49,cm1076,conv,3,2,20,113288,f,right,3,nonEnglish
49,cm1077,conv,5,2.75,21,66238,f,right,3,nonEnglish
49,cm1078,conv,5,5,22,57971,f,right,3,nonEnglish
49,nm97,novel,5,4,23,166106,f,right,3,nonEnglish
49,nm98,novel,5,2.25,24,26681,f,right,3,nonEnglish
50,cm1079,conv,5,4.75,1,32849,f,right,2,nonEnglish
50,cm1080,conv,4.5,2,2,61867,f,right,2,nonEnglish
50,cm1081,conv,5,4.5,3,103008,f,right,2,nonEnglish
50,cm1083,conv,3.5,2,5,17906,f,right,2,nonEnglish
50,cm1084,conv,5,2,6,20675,f,right,2,nonEnglish
50,cm1085,conv,5,2.75,7,35923,f,right,2,nonEnglish
50,cm1086,conv,3,3,8,29329,f,right,2,nonEnglish
50,cm1087,conv,5,2.5,9,109158,f,right,2,nonEnglish
50,cm1089,conv,3.5,2.5,11,28387,f,right,2,nonEnglish
50,cm1090,conv,1.5,1.5,12,23739,f,right,2,nonEnglish
50,cm1094,conv,5,2.25,16,60219,f,right,2,nonEnglish
50,cm1095,conv,5,2.75,17,67521,f,right,2,nonEnglish
50,cm1096,conv,5,2.5,18,39824,f,right,2,nonEnglish
50,cm1097,conv,1,1,19,18892,f,right,2,nonEnglish
50,cm1098,conv,5,2,20,59578,f,right,2,nonEnglish
50,cm1099,conv,4.5,3.75,21,34955,f,right,2,nonEnglish
50,cm1100,conv,2.5,3.5,22,72973,f,right,2,nonEnglish
52,cm1322,conv,5,3.75,2,54874,f,right,3,nonEnglish
52,cm1323,conv,5,3,3,35901,f,right,3,nonEnglish
52,cm1324,conv,5,3,4,146284,f,right,3,nonEnglish
52,cm1326,conv,5,3.25,6,81010,f,right,3,nonEnglish
52,cm1327,conv,5,3,7,125145,f,right,3,nonEnglish
52,cm1328,conv,3.5,3.5,8,29762,f,right,3,nonEnglish
52,cm1329,conv,5,4,9,118118,f,right,3,nonEnglish
52,cm1330,conv,5,5,10,61156,f,right,3,nonEnglish
52,cm1331,conv,5,2,11,37492,f,right,3,nonEnglish
52,cm1332,conv,5,4.5,12,57379,f,right,3,nonEnglish
52,cm1333,conv,5,2,13,53259,f,right,3,nonEnglish
52,cm1334,conv,4.5,5,14,37569,f,right,3,nonEnglish
52,cm1335,conv,5,2.5,15,103894,f,right,3,nonEnglish
52,cm1336,conv,5,4.75,16,61010,f,right,3,nonEnglish
52,cm1337,conv,5,2,17,17624,f,right,3,nonEnglish
52,cm1338,conv,2,3,18,36813,f,right,3,nonEnglish
52,cm1339,conv,5,3.75,19,69928,f,right,3,nonEnglish
52,cm1340,conv,5,5,20,100451,f,right,3,nonEnglish
52,cm1341,conv,5,3.5,21,44527,f,right,3,nonEnglish
52,cm1342,conv,5,2,22,61952,f,right,3,nonEnglish
52,nm122,novel,4.5,4.5,24,91459,f,right,3,nonEnglish
54,cm1123,conv,5,4.5,1,42616,f,right,3,nonEnglish
54,cm1124,conv,1,1,2,14624,f,right,3,nonEnglish
54,cm1125,conv,2,4,3,126968,f,right,3,nonEnglish
54,cm1126,conv,5,5,4,126847,f,right,3,nonEnglish
54,cm1127,conv,5,2,5,26263,f,right,3,nonEnglish
54,cm1128,conv,5,3.5,6,52282,f,right,3,nonEnglish
54,cm1129,conv,5,3.5,7,126918,f,right,3,nonEnglish
54,cm1130,conv,3.5,2,8,24399,f,right,3,nonEnglish
54,cm1131,conv,5,4,9,56491,f,right,3,nonEnglish
54,cm1132,conv,4.5,2.25,10,46397,f,right,3,nonEnglish
54,cm1133,conv,5,4.75,11,36057,f,right,3,nonEnglish
54,cm1134,conv,4.5,5,12,55402,f,right,3,nonEnglish
54,cm1135,conv,5,3,13,38261,f,right,3,nonEnglish
54,cm1137,conv,4.5,3.25,15,53565,f,right,3,nonEnglish
54,cm1138,conv,4.5,2,16,75973,f,right,3,nonEnglish
54,cm1139,conv,3,2.5,17,58174,f,right,3,nonEnglish
54,cm1140,conv,5,5,18,56299,f,right,3,nonEnglish
54,cm1141,conv,5,2,19,24459,f,right,3,nonEnglish
54,cm1143,conv,5,2,21,56406,f,right,3,nonEnglish
54,cm1144,conv,5,2.25,22,59324,f,right,3,nonEnglish
54,nm105,novel,5,4.75,23,74948,f,right,3,nonEnglish
54,nm106,novel,5,3.5,24,82651,f,right,3,nonEnglish
56,cm1167,conv,4.5,2,1,51575,m,left,3,nonEnglish
56,cm1168,conv,5,2,2,29942,m,left,3,nonEnglish
56,cm1169,conv,2.5,2,3,38880,m,left,3,nonEnglish
56,cm1170,conv,4.5,2,4,64820,m,left,3,nonEnglish
56,cm1171,conv,5,4.75,5,306118,m,left,3,nonEnglish
56,cm1172,conv,3.5,2,6,37539,m,left,3,nonEnglish
56,cm1173,conv,5,2.25,7,10805,m,left,3,nonEnglish
56,cm1175,conv,5,2,9,111686,m,left,3,nonEnglish
56,cm1177,conv,2,2.25,11,105684,m,left,3,nonEnglish
56,cm1178,conv,4.5,5,12,47731,m,left,3,nonEnglish
56,cm1179,conv,5,4.5,13,52474,m,left,3,nonEnglish
56,cm1180,conv,5,2,14,36397,m,left,3,nonEnglish
56,cm1181,conv,5,5,15,68803,m,left,3,nonEnglish
56,cm1182,conv,5,2,16,53478,m,left,3,nonEnglish
56,cm1183,conv,5,2.25,17,24436,m,left,3,nonEnglish
56,cm1184,conv,5,5,18,59158,m,left,3,nonEnglish
56,cm1185,conv,4.5,2,19,29606,m,left,3,nonEnglish
56,cm1186,conv,5,2,20,17984,m,left,3,nonEnglish
56,cm1188,conv,5,2.25,22,48562,m,left,3,nonEnglish
56,nm109,novel,5,2.25,23,98855,m,left,3,nonEnglish
56,nm110,novel,5,3.5,24,83520,m,left,3,nonEnglish
57,cm1193,conv,5,5,5,55267,f,right,3,nonEnglish
57,cm1196,conv,3.5,2,8,16202,f,right,3,nonEnglish
57,cm1197,conv,4.5,2,9,23239,f,right,3,nonEnglish
57,cm1200,conv,1,1,12,59382,f,right,3,nonEnglish
57,cm1205,conv,5,3,17,19495,f,right,3,nonEnglish
57,cm1207,conv,2.5,2.5,19,23085,f,right,3,nonEnglish
57,cm1208,conv,1,1,20,33120,f,right,3,nonEnglish
57,nm112,novel,5,4.5,24,77628,f,right,3,nonEnglish
59,cm1233,conv,3,2.75,1,29877,f,right,4,nonEnglish
59,cm1234,conv,5,5,2,83669,f,right,4,nonEnglish
59,cm1236,conv,5,4,4,68059,f,right,4,nonEnglish
59,cm1237,conv,5,5,5,102383,f,right,4,nonEnglish
59,cm1238,conv,1.5,1.5,6,71801,f,right,4,nonEnglish
59,cm1241,conv,5,2.5,9,35466,f,right,4,nonEnglish
59,cm1242,conv,4.5,1.5,10,42300,f,right,4,nonEnglish
59,cm1243,conv,4.5,4,11,96044,f,right,4,nonEnglish
59,cm1244,conv,5,5,12,152663,f,right,4,nonEnglish
59,cm1246,conv,5,4.5,14,101986,f,right,4,nonEnglish
59,cm1248,conv,5,2.75,16,26973,f,right,4,nonEnglish
59,cm1250,conv,5,2,18,16555,f,right,4,nonEnglish
59,cm1251,conv,4.5,3.5,19,85967,f,right,4,nonEnglish
59,cm1252,conv,5,2.25,20,50685,f,right,4,nonEnglish
59,cm1253,conv,5,4.5,21,41776,f,right,4,nonEnglish
59,cm1254,conv,5,4.75,22,56117,f,right,4,nonEnglish
59,nm115,novel,4.5,4.5,23,235713,f,right,4,nonEnglish
59,nm116,novel,3.5,2.75,24,168038,f,right,4,nonEnglish
61,cm1277,conv,4,2.25,1,82032,m,right,3,nonEnglish
61,cm1278,conv,5,2,2,52226,m,right,3,nonEnglish
61,cm1279,conv,2,2,3,31223,m,right,3,nonEnglish
61,cm1280,conv,4.5,4.5,4,75705,m,right,3,nonEnglish
61,cm1281,conv,3,2,5,29870,m,right,3,nonEnglish
61,cm1282,conv,5,5,6,55597,m,right,3,nonEnglish
61,cm1283,conv,4.5,2,7,13897,m,right,3,nonEnglish
61,cm1284,conv,5,3.5,8,9273,m,right,3,nonEnglish
61,cm1285,conv,3,2,9,75792,m,right,3,nonEnglish
61,cm1286,conv,3,4.75,10,225148,m,right,3,nonEnglish
61,cm1287,conv,5,2,11,45894,m,right,3,nonEnglish
61,cm1288,conv,5,3,12,16052,m,right,3,nonEnglish
61,cm1289,conv,5,2.25,13,15096,m,right,3,nonEnglish
61,cm1290,conv,5,3,14,49919,m,right,3,nonEnglish
61,cm1291,conv,5,2,15,21217,m,right,3,nonEnglish
61,cm1292,conv,5,3.5,16,34408,m,right,3,nonEnglish
61,cm1293,conv,5,2,17,13995,m,right,3,nonEnglish
61,cm1294,conv,5,3,18,11608,m,right,3,nonEnglish
61,cm1295,conv,5,2,19,19700,m,right,3,nonEnglish
61,cm1296,conv,4.5,3.25,20,47273,m,right,3,nonEnglish
61,cm1297,conv,3.5,3.5,21,31595,m,right,3,nonEnglish
61,cm1298,conv,5,2.75,22,116588,m,right,3,nonEnglish
61,nm119,novel,5,4.5,23,138711,m,right,3,nonEnglish
61,nm120,novel,5,5,24,127022,m,right,3,nonEnglish
